Chili Type,Acres,Avg Yield (Tons),Cost (INR),Soil Type,Ph,Nitrogen (kg/acre),Phosphorus (kg/acre),Potassium (kg/acre),Water Requirement (L/acre),Spacing Between Plants (cm)
Guntur Sannam red,1,1.25,50000,Loamy,6.0,80,40,50,5000,45
Guntur Sannam red,1.25,1.56,62500.0,Loamy,6.0,80,40,50,5000,45
Guntur Sannam red,1.5,1.88,75000.0,Loamy,6.0,80,40,50,5000,45
Guntur Sannam red,1.75,2.19,87500.0,Loamy,6.0,80,40,50,5000,45
Guntur Sannam red,2,2.5,100000,Loamy,6.0,80,40,50,5000,45
Guntur Sannam red,2.25,2.81,112500.0,Loamy,6.0,80,40,50,5000,45
Guntur Sannam red,2.5,3.12,125000.0,Loamy,6.0,80,40,50,5000,45
Guntur Sannam red,2.75,3.44,137500.0,Loamy,6.0,80,40,50,5000,45
Guntur Sannam red,3,3.75,150000,Loamy,6.0,80,40,50,5000,45
Guntur Sannam red,3.25,4.06,162500.0,Loamy,6.0,80,40,50,5000,45
Guntur Sannam red,3.5,4.38,175000.0,Loamy,6.0,80,40,50,5000,45
Guntur Sannam red,3.75,4.69,187500.0,Loamy,6.0,80,40,50,5000,45
Guntur Sannam red,4,5.0,200000,Loamy,6.0,80,40,50,5000,45
Guntur Sannam red,4.25,5.31,212500.0,Loamy,6.0,80,40,50,5000,45
Guntur Sannam red,4.5,5.62,225000.0,Loamy,6.0,80,40,50,5000,45
Guntur Sannam red,4.75,5.94,237500.0,Loamy,6.0,80,40,50,5000,45
Guntur Sannam red,5,6.25,250000,Loamy,6.0,80,40,50,5000,45
Guntur Sannam red,5.25,6.56,262500.0,Loamy,6.0,80,40,50,5000,45
Guntur Sannam red,5.5,6.88,275000.0,Loamy,6.0,80,40,50,5000,45
Guntur Sannam red,5.75,7.19,287500.0,Loamy,6.0,80,40,50,5000,45
Guntur Sannam red,6,7.5,300000,Loamy,6.0,80,40,50,5000,45
Guntur Sannam red,6.25,7.81,312500.0,Loamy,6.0,80,40,50,5000,45
Guntur Sannam red,6.5,8.12,325000.0,Loamy,6.0,80,40,50,5000,45
Guntur Sannam red,6.75,8.44,337500.0,Loamy,6.0,80,40,50,5000,45
Guntur Sannam red,7,8.75,350000,Loamy,6.0,80,40,50,5000,45
Guntur Sannam red,7.25,9.06,362500.0,Loamy,6.0,80,40,50,5000,45
Guntur Sannam red,7.5,9.38,375000.0,Loamy,6.0,80,40,50,5000,45
Guntur Sannam red,7.75,9.69,387500.0,Loamy,6.0,80,40,50,5000,45
Guntur Sannam red,8,10.0,400000,Loamy,6.0,80,40,50,5000,45
Guntur Sannam red,8.25,10.31,412500.0,Loamy,6.0,80,40,50,5000,45
Guntur Sannam red,8.5,10.62,425000.0,Loamy,6.0,80,40,50,5000,45
Guntur Sannam red,8.75,10.94,437500.0,Loamy,6.0,80,40,50,5000,45
Guntur Sannam red,9,11.25,450000,Loamy,6.0,80,40,50,5000,45
Guntur Sannam red,9.25,11.56,462500.0,Loamy,6.0,80,40,50,5000,45
Guntur Sannam red,9.5,11.88,475000.0,Loamy,6.0,80,40,50,5000,45
Guntur Sannam red,9.75,12.19,487500.0,Loamy,6.0,80,40,50,5000,45
Guntur Sannam red,10,12.5,500000,Loamy,6.0,80,40,50,5000,45
Guntur Sannam red,10.25,12.81,512500.0,Loamy,6.0,80,40,50,5000,45
Guntur Sannam red,10.5,13.12,525000.0,Loamy,6.0,80,40,50,5000,45
Guntur Sannam red,10.75,13.44,537500.0,Loamy,6.0,80,40,50,5000,45
Guntur Sannam red,11,13.75,550000,Loamy,6.0,80,40,50,5000,45
Guntur Sannam red,11.25,14.06,562500.0,Loamy,6.0,80,40,50,5000,45
Guntur Sannam red,11.5,14.38,575000.0,Loamy,6.0,80,40,50,5000,45
Guntur Sannam red,11.75,14.69,587500.0,Loamy,6.0,80,40,50,5000,45
Guntur Sannam red,12,15.0,600000,Loamy,6.0,80,40,50,5000,45
Guntur Sannam red,12.25,15.31,612500.0,Loamy,6.0,80,40,50,5000,45
Guntur Sannam red,12.5,15.62,625000.0,Loamy,6.0,80,40,50,5000,45
Guntur Sannam red,12.75,15.94,637500.0,Loamy,6.0,80,40,50,5000,45
Guntur Sannam red,13,16.25,650000,Loamy,6.0,80,40,50,5000,45
Guntur Sannam red,13.25,16.56,662500.0,Loamy,6.0,80,40,50,5000,45
Guntur Sannam red,13.5,16.88,675000.0,Loamy,6.0,80,40,50,5000,45
Guntur Sannam red,13.75,17.19,687500.0,Loamy,6.0,80,40,50,5000,45
Guntur Sannam red,14,17.5,700000,Loamy,6.0,80,40,50,5000,45
Guntur Sannam red,14.25,17.81,712500.0,Loamy,6.0,80,40,50,5000,45
Guntur Sannam red,14.5,18.12,725000.0,Loamy,6.0,80,40,50,5000,45
Guntur Sannam red,14.75,18.44,737500.0,Loamy,6.0,80,40,50,5000,45
Guntur Sannam red,15,18.75,750000,Loamy,6.0,80,40,50,5000,45
Guntur Sannam red,15.25,19.06,762500.0,Loamy,6.0,80,40,50,5000,45
Guntur Sannam red,15.5,19.38,775000.0,Loamy,6.0,80,40,50,5000,45
Guntur Sannam red,15.75,19.69,787500.0,Loamy,6.0,80,40,50,5000,45
Guntur Sannam red,16,20.0,800000,Loamy,6.0,80,40,50,5000,45
Guntur Sannam red,16.25,20.31,812500.0,Loamy,6.0,80,40,50,5000,45
Guntur Sannam red,16.5,20.62,825000.0,Loamy,6.0,80,40,50,5000,45
Guntur Sannam red,16.75,20.94,837500.0,Loamy,6.0,80,40,50,5000,45
Guntur Sannam red,17,21.25,850000,Loamy,6.0,80,40,50,5000,45
Guntur Sannam red,17.25,21.56,862500.0,Loamy,6.0,80,40,50,5000,45
Guntur Sannam red,17.5,21.88,875000.0,Loamy,6.0,80,40,50,5000,45
Guntur Sannam red,17.75,22.19,887500.0,Loamy,6.0,80,40,50,5000,45
Guntur Sannam red,18,22.5,900000,Loamy,6.0,80,40,50,5000,45
Guntur Sannam red,18.25,22.81,912500.0,Loamy,6.0,80,40,50,5000,45
Guntur Sannam red,18.5,23.12,925000.0,Loamy,6.0,80,40,50,5000,45
Guntur Sannam red,18.75,23.44,937500.0,Loamy,6.0,80,40,50,5000,45
Guntur Sannam red,19,23.75,950000,Loamy,6.0,80,40,50,5000,45
Guntur Sannam red,19.25,24.06,962500.0,Loamy,6.0,80,40,50,5000,45
Guntur Sannam red,19.5,24.38,975000.0,Loamy,6.0,80,40,50,5000,45
Guntur Sannam red,19.75,24.69,987500.0,Loamy,6.0,80,40,50,5000,45
Guntur Sannam red,20,25.0,1000000,Loamy,6.0,80,40,50,5000,45
Guntur Sannam red,20.25,25.31,1012500.0,Loamy,6.0,80,40,50,5000,45
Guntur Sannam red,20.5,25.62,1025000.0,Loamy,6.0,80,40,50,5000,45
Guntur Sannam red,20.75,25.94,1037500.0,Loamy,6.0,80,40,50,5000,45
Guntur Sannam red,21,26.25,1050000,Loamy,6.0,80,40,50,5000,45
Guntur Sannam red,21.25,26.56,1062500.0,Loamy,6.0,80,40,50,5000,45
Guntur Sannam red,21.5,26.88,1075000.0,Loamy,6.0,80,40,50,5000,45
Guntur Sannam red,21.75,27.19,1087500.0,Loamy,6.0,80,40,50,5000,45
Guntur Sannam red,22,27.5,1100000,Loamy,6.0,80,40,50,5000,45
Guntur Sannam red,22.25,27.81,1112500.0,Loamy,6.0,80,40,50,5000,45
Guntur Sannam red,22.5,28.12,1125000.0,Loamy,6.0,80,40,50,5000,45
Guntur Sannam red,22.75,28.44,1137500.0,Loamy,6.0,80,40,50,5000,45
Guntur Sannam red,23,28.75,1150000,Loamy,6.0,80,40,50,5000,45
Guntur Sannam red,23.25,29.06,1162500.0,Loamy,6.0,80,40,50,5000,45
Guntur Sannam red,23.5,29.38,1175000.0,Loamy,6.0,80,40,50,5000,45
Guntur Sannam red,23.75,29.69,1187500.0,Loamy,6.0,80,40,50,5000,45
Guntur Sannam red,24,30.0,1200000,Loamy,6.0,80,40,50,5000,45
Guntur Sannam red,24.25,30.31,1212500.0,Loamy,6.0,80,40,50,5000,45
Guntur Sannam red,24.5,30.62,1225000.0,Loamy,6.0,80,40,50,5000,45
Guntur Sannam red,24.75,30.94,1237500.0,Loamy,6.0,80,40,50,5000,45
Guntur Sannam red,25,31.25,1250000,Loamy,6.0,80,40,50,5000,45
Guntur Sannam red,25.25,31.56,1262500.0,Loamy,6.0,80,40,50,5000,45
Guntur Sannam red,25.5,31.88,1275000.0,Loamy,6.0,80,40,50,5000,45
Guntur Sannam red,25.75,32.19,1287500.0,Loamy,6.0,80,40,50,5000,45
Guntur Sannam red,26,32.5,1300000,Loamy,6.0,80,40,50,5000,45
Guntur Sannam red,26.25,32.81,1312500.0,Loamy,6.0,80,40,50,5000,45
Guntur Sannam red,26.5,33.12,1325000.0,Loamy,6.0,80,40,50,5000,45
Guntur Sannam red,26.75,33.44,1337500.0,Loamy,6.0,80,40,50,5000,45
Guntur Sannam red,27,33.75,1350000,Loamy,6.0,80,40,50,5000,45
Guntur Sannam red,27.25,34.06,1362500.0,Loamy,6.0,80,40,50,5000,45
Guntur Sannam red,27.5,34.38,1375000.0,Loamy,6.0,80,40,50,5000,45
Guntur Sannam red,27.75,34.69,1387500.0,Loamy,6.0,80,40,50,5000,45
Guntur Sannam red,28,35.0,1400000,Loamy,6.0,80,40,50,5000,45
Guntur Sannam red,28.25,35.31,1412500.0,Loamy,6.0,80,40,50,5000,45
Guntur Sannam red,28.5,35.62,1425000.0,Loamy,6.0,80,40,50,5000,45
Guntur Sannam red,28.75,35.94,1437500.0,Loamy,6.0,80,40,50,5000,45
Guntur Sannam red,29,36.25,1450000,Loamy,6.0,80,40,50,5000,45
Guntur Sannam red,29.25,36.56,1462500.0,Loamy,6.0,80,40,50,5000,45
Guntur Sannam red,29.5,36.88,1475000.0,Loamy,6.0,80,40,50,5000,45
Guntur Sannam red,29.75,37.19,1487500.0,Loamy,6.0,80,40,50,5000,45
Guntur Sannam red,30,37.5,1500000,Loamy,6.0,80,40,50,5000,45
Guntur Sannam red,30.25,37.81,1512500.0,Loamy,6.0,80,40,50,5000,45
Guntur Sannam red,30.5,38.12,1525000.0,Loamy,6.0,80,40,50,5000,45
Guntur Sannam red,30.75,38.44,1537500.0,Loamy,6.0,80,40,50,5000,45
Guntur Sannam red,31,38.75,1550000,Loamy,6.0,80,40,50,5000,45
Guntur Sannam red,31.25,39.06,1562500.0,Loamy,6.0,80,40,50,5000,45
Guntur Sannam red,31.5,39.38,1575000.0,Loamy,6.0,80,40,50,5000,45
Guntur Sannam red,31.75,39.69,1587500.0,Loamy,6.0,80,40,50,5000,45
Guntur Sannam red,32,40.0,1600000,Loamy,6.0,80,40,50,5000,45
Guntur Sannam red,32.25,40.31,1612500.0,Loamy,6.0,80,40,50,5000,45
Guntur Sannam red,32.5,40.62,1625000.0,Loamy,6.0,80,40,50,5000,45
Guntur Sannam red,32.75,40.94,1637500.0,Loamy,6.0,80,40,50,5000,45
Guntur Sannam red,33,41.25,1650000,Loamy,6.0,80,40,50,5000,45
Guntur Sannam red,33.25,41.56,1662500.0,Loamy,6.0,80,40,50,5000,45
Guntur Sannam red,33.5,41.88,1675000.0,Loamy,6.0,80,40,50,5000,45
Guntur Sannam red,33.75,42.19,1687500.0,Loamy,6.0,80,40,50,5000,45
Guntur Sannam red,34,42.5,1700000,Loamy,6.0,80,40,50,5000,45
Guntur Sannam red,34.25,42.81,1712500.0,Loamy,6.0,80,40,50,5000,45
Guntur Sannam red,34.5,43.12,1725000.0,Loamy,6.0,80,40,50,5000,45
Guntur Sannam red,34.75,43.44,1737500.0,Loamy,6.0,80,40,50,5000,45
Guntur Sannam red,35,43.75,1750000,Loamy,6.0,80,40,50,5000,45
Guntur Sannam red,35.25,44.06,1762500.0,Loamy,6.0,80,40,50,5000,45
Guntur Sannam red,35.5,44.38,1775000.0,Loamy,6.0,80,40,50,5000,45
Guntur Sannam red,35.75,44.69,1787500.0,Loamy,6.0,80,40,50,5000,45
Guntur Sannam red,36,45.0,1800000,Loamy,6.0,80,40,50,5000,45
Guntur Sannam red,36.25,45.31,1812500.0,Loamy,6.0,80,40,50,5000,45
Guntur Sannam red,36.5,45.62,1825000.0,Loamy,6.0,80,40,50,5000,45
Guntur Sannam red,36.75,45.94,1837500.0,Loamy,6.0,80,40,50,5000,45
Guntur Sannam red,37,46.25,1850000,Loamy,6.0,80,40,50,5000,45
Guntur Sannam red,37.25,46.56,1862500.0,Loamy,6.0,80,40,50,5000,45
Guntur Sannam red,37.5,46.88,1875000.0,Loamy,6.0,80,40,50,5000,45
Guntur Sannam red,37.75,47.19,1887500.0,Loamy,6.0,80,40,50,5000,45
Guntur Sannam red,38,47.5,1900000,Loamy,6.0,80,40,50,5000,45
Guntur Sannam red,38.25,47.81,1912500.0,Loamy,6.0,80,40,50,5000,45
Guntur Sannam red,38.5,48.12,1925000.0,Loamy,6.0,80,40,50,5000,45
Guntur Sannam red,38.75,48.44,1937500.0,Loamy,6.0,80,40,50,5000,45
Guntur Sannam red,39,48.75,1950000,Loamy,6.0,80,40,50,5000,45
Guntur Sannam red,39.25,49.06,1962500.0,Loamy,6.0,80,40,50,5000,45
Guntur Sannam red,39.5,49.38,1975000.0,Loamy,6.0,80,40,50,5000,45
Guntur Sannam red,39.75,49.69,1987500.0,Loamy,6.0,80,40,50,5000,45
Guntur Sannam red,40,50.0,2000000,Loamy,6.0,80,40,50,5000,45
Guntur Sannam red,40.25,50.31,2012500.0,Loamy,6.0,80,40,50,5000,45
Guntur Sannam red,40.5,50.62,2025000.0,Loamy,6.0,80,40,50,5000,45
Guntur Sannam red,40.75,50.94,2037500.0,Loamy,6.0,80,40,50,5000,45
Guntur Sannam red,41,51.25,2050000,Loamy,6.0,80,40,50,5000,45
Guntur Sannam red,41.25,51.56,2062500.0,Loamy,6.0,80,40,50,5000,45
Guntur Sannam red,41.5,51.88,2075000.0,Loamy,6.0,80,40,50,5000,45
Guntur Sannam red,41.75,52.19,2087500.0,Loamy,6.0,80,40,50,5000,45
Guntur Sannam red,42,52.5,2100000,Loamy,6.0,80,40,50,5000,45
Guntur Sannam red,42.25,52.81,2112500.0,Loamy,6.0,80,40,50,5000,45
Guntur Sannam red,42.5,53.12,2125000.0,Loamy,6.0,80,40,50,5000,45
Guntur Sannam red,42.75,53.44,2137500.0,Loamy,6.0,80,40,50,5000,45
Guntur Sannam red,43,53.75,2150000,Loamy,6.0,80,40,50,5000,45
Guntur Sannam red,43.25,54.06,2162500.0,Loamy,6.0,80,40,50,5000,45
Guntur Sannam red,43.5,54.38,2175000.0,Loamy,6.0,80,40,50,5000,45
Guntur Sannam red,43.75,54.69,2187500.0,Loamy,6.0,80,40,50,5000,45
Guntur Sannam red,44,55.0,2200000,Loamy,6.0,80,40,50,5000,45
Guntur Sannam red,44.25,55.31,2212500.0,Loamy,6.0,80,40,50,5000,45
Guntur Sannam red,44.5,55.62,2225000.0,Loamy,6.0,80,40,50,5000,45
Guntur Sannam red,44.75,55.94,2237500.0,Loamy,6.0,80,40,50,5000,45
Guntur Sannam red,45,56.25,2250000,Loamy,6.0,80,40,50,5000,45
Guntur Sannam red,45.25,56.56,2262500.0,Loamy,6.0,80,40,50,5000,45
Guntur Sannam red,45.5,56.88,2275000.0,Loamy,6.0,80,40,50,5000,45
Guntur Sannam red,45.75,57.19,2287500.0,Loamy,6.0,80,40,50,5000,45
Guntur Sannam red,46,57.5,2300000,Loamy,6.0,80,40,50,5000,45
Guntur Sannam red,46.25,57.81,2312500.0,Loamy,6.0,80,40,50,5000,45
Guntur Sannam red,46.5,58.12,2325000.0,Loamy,6.0,80,40,50,5000,45
Guntur Sannam red,46.75,58.44,2337500.0,Loamy,6.0,80,40,50,5000,45
Guntur Sannam red,47,58.75,2350000,Loamy,6.0,80,40,50,5000,45
Guntur Sannam red,47.25,59.06,2362500.0,Loamy,6.0,80,40,50,5000,45
Guntur Sannam red,47.5,59.38,2375000.0,Loamy,6.0,80,40,50,5000,45
Guntur Sannam red,47.75,59.69,2387500.0,Loamy,6.0,80,40,50,5000,45
Guntur Sannam red,48,60.0,2400000,Loamy,6.0,80,40,50,5000,45
Guntur Sannam red,48.25,60.31,2412500.0,Loamy,6.0,80,40,50,5000,45
Guntur Sannam red,48.5,60.62,2425000.0,Loamy,6.0,80,40,50,5000,45
Guntur Sannam red,48.75,60.94,2437500.0,Loamy,6.0,80,40,50,5000,45
Guntur Sannam red,49,61.25,2450000,Loamy,6.0,80,40,50,5000,45
Guntur Sannam red,49.25,61.56,2462500.0,Loamy,6.0,80,40,50,5000,45
Guntur Sannam red,49.5,61.88,2475000.0,Loamy,6.0,80,40,50,5000,45
Guntur Sannam red,49.75,62.19,2487500.0,Loamy,6.0,80,40,50,5000,45
Guntur Sannam red,50,62.5,2500000,Loamy,6.0,80,40,50,5000,45
Guntur Sannam red,50.25,62.81,2512500.0,Loamy,6.0,80,40,50,5000,45
Guntur Sannam red,50.5,63.12,2525000.0,Loamy,6.0,80,40,50,5000,45
Guntur Sannam red,50.75,63.44,2537500.0,Loamy,6.0,80,40,50,5000,45
Guntur Teja red,1,1.0,50000,Sandy,6.2,70,35,45,4500,40
Guntur Teja red,1.25,1.25,62500.0,Sandy,6.2,70,35,45,4500,40
Guntur Teja red,1.5,1.5,75000.0,Sandy,6.2,70,35,45,4500,40
Guntur Teja red,1.75,1.75,87500.0,Sandy,6.2,70,35,45,4500,40
Guntur Teja red,2,2.0,100000,Sandy,6.2,70,35,45,4500,40
Guntur Teja red,2.25,2.25,112500.0,Sandy,6.2,70,35,45,4500,40
Guntur Teja red,2.5,2.5,125000.0,Sandy,6.2,70,35,45,4500,40
Guntur Teja red,2.75,2.75,137500.0,Sandy,6.2,70,35,45,4500,40
Guntur Teja red,3,3.0,150000,Sandy,6.2,70,35,45,4500,40
Guntur Teja red,3.25,3.25,162500.0,Sandy,6.2,70,35,45,4500,40
Guntur Teja red,3.5,3.5,175000.0,Sandy,6.2,70,35,45,4500,40
Guntur Teja red,3.75,3.75,187500.0,Sandy,6.2,70,35,45,4500,40
Guntur Teja red,4,4.0,200000,Sandy,6.2,70,35,45,4500,40
Guntur Teja red,4.25,4.25,212500.0,Sandy,6.2,70,35,45,4500,40
Guntur Teja red,4.5,4.5,225000.0,Sandy,6.2,70,35,45,4500,40
Guntur Teja red,4.75,4.75,237500.0,Sandy,6.2,70,35,45,4500,40
Guntur Teja red,5,5.0,250000,Sandy,6.2,70,35,45,4500,40
Guntur Teja red,5.25,5.25,262500.0,Sandy,6.2,70,35,45,4500,40
Guntur Teja red,5.5,5.5,275000.0,Sandy,6.2,70,35,45,4500,40
Guntur Teja red,5.75,5.75,287500.0,Sandy,6.2,70,35,45,4500,40
Guntur Teja red,6,6.0,300000,Sandy,6.2,70,35,45,4500,40
Guntur Teja red,6.25,6.25,312500.0,Sandy,6.2,70,35,45,4500,40
Guntur Teja red,6.5,6.5,325000.0,Sandy,6.2,70,35,45,4500,40
Guntur Teja red,6.75,6.75,337500.0,Sandy,6.2,70,35,45,4500,40
Guntur Teja red,7,7.0,350000,Sandy,6.2,70,35,45,4500,40
Guntur Teja red,7.25,7.25,362500.0,Sandy,6.2,70,35,45,4500,40
Guntur Teja red,7.5,7.5,375000.0,Sandy,6.2,70,35,45,4500,40
Guntur Teja red,7.75,7.75,387500.0,Sandy,6.2,70,35,45,4500,40
Guntur Teja red,8,8.0,400000,Sandy,6.2,70,35,45,4500,40
Guntur Teja red,8.25,8.25,412500.0,Sandy,6.2,70,35,45,4500,40
Guntur Teja red,8.5,8.5,425000.0,Sandy,6.2,70,35,45,4500,40
Guntur Teja red,8.75,8.75,437500.0,Sandy,6.2,70,35,45,4500,40
Guntur Teja red,9,9.0,450000,Sandy,6.2,70,35,45,4500,40
Guntur Teja red,9.25,9.25,462500.0,Sandy,6.2,70,35,45,4500,40
Guntur Teja red,9.5,9.5,475000.0,Sandy,6.2,70,35,45,4500,40
Guntur Teja red,9.75,9.75,487500.0,Sandy,6.2,70,35,45,4500,40
Guntur Teja red,10,10.0,500000,Sandy,6.2,70,35,45,4500,40
Guntur Teja red,10.25,10.25,512500.0,Sandy,6.2,70,35,45,4500,40
Guntur Teja red,10.5,10.5,525000.0,Sandy,6.2,70,35,45,4500,40
Guntur Teja red,10.75,10.75,537500.0,Sandy,6.2,70,35,45,4500,40
Guntur Teja red,11,11.0,550000,Sandy,6.2,70,35,45,4500,40
Guntur Teja red,11.25,11.25,562500.0,Sandy,6.2,70,35,45,4500,40
Guntur Teja red,11.5,11.5,575000.0,Sandy,6.2,70,35,45,4500,40
Guntur Teja red,11.75,11.75,587500.0,Sandy,6.2,70,35,45,4500,40
Guntur Teja red,12,12.0,600000,Sandy,6.2,70,35,45,4500,40
Guntur Teja red,12.25,12.25,612500.0,Sandy,6.2,70,35,45,4500,40
Guntur Teja red,12.5,12.5,625000.0,Sandy,6.2,70,35,45,4500,40
Guntur Teja red,12.75,12.75,637500.0,Sandy,6.2,70,35,45,4500,40
Guntur Teja red,13,13.0,650000,Sandy,6.2,70,35,45,4500,40
Guntur Teja red,13.25,13.25,662500.0,Sandy,6.2,70,35,45,4500,40
Guntur Teja red,13.5,13.5,675000.0,Sandy,6.2,70,35,45,4500,40
Guntur Teja red,13.75,13.75,687500.0,Sandy,6.2,70,35,45,4500,40
Guntur Teja red,14,14.0,700000,Sandy,6.2,70,35,45,4500,40
Guntur Teja red,14.25,14.25,712500.0,Sandy,6.2,70,35,45,4500,40
Guntur Teja red,14.5,14.5,725000.0,Sandy,6.2,70,35,45,4500,40
Guntur Teja red,14.75,14.75,737500.0,Sandy,6.2,70,35,45,4500,40
Guntur Teja red,15,15.0,750000,Sandy,6.2,70,35,45,4500,40
Guntur Teja red,15.25,15.25,762500.0,Sandy,6.2,70,35,45,4500,40
Guntur Teja red,15.5,15.5,775000.0,Sandy,6.2,70,35,45,4500,40
Guntur Teja red,15.75,15.75,787500.0,Sandy,6.2,70,35,45,4500,40
Guntur Teja red,16,16.0,800000,Sandy,6.2,70,35,45,4500,40
Guntur Teja red,16.25,16.25,812500.0,Sandy,6.2,70,35,45,4500,40
Guntur Teja red,16.5,16.5,825000.0,Sandy,6.2,70,35,45,4500,40
Guntur Teja red,16.75,16.75,837500.0,Sandy,6.2,70,35,45,4500,40
Guntur Teja red,17,17.0,850000,Sandy,6.2,70,35,45,4500,40
Guntur Teja red,17.25,17.25,862500.0,Sandy,6.2,70,35,45,4500,40
Guntur Teja red,17.5,17.5,875000.0,Sandy,6.2,70,35,45,4500,40
Guntur Teja red,17.75,17.75,887500.0,Sandy,6.2,70,35,45,4500,40
Guntur Teja red,18,18.0,900000,Sandy,6.2,70,35,45,4500,40
Guntur Teja red,18.25,18.25,912500.0,Sandy,6.2,70,35,45,4500,40
Guntur Teja red,18.5,18.5,925000.0,Sandy,6.2,70,35,45,4500,40
Guntur Teja red,18.75,18.75,937500.0,Sandy,6.2,70,35,45,4500,40
Guntur Teja red,19,19.0,950000,Sandy,6.2,70,35,45,4500,40
Guntur Teja red,19.25,19.25,962500.0,Sandy,6.2,70,35,45,4500,40
Guntur Teja red,19.5,19.5,975000.0,Sandy,6.2,70,35,45,4500,40
Guntur Teja red,19.75,19.75,987500.0,Sandy,6.2,70,35,45,4500,40
Guntur Teja red,20,20.0,1000000,Sandy,6.2,70,35,45,4500,40
Guntur Teja red,20.25,20.25,1012500.0,Sandy,6.2,70,35,45,4500,40
Guntur Teja red,20.5,20.5,1025000.0,Sandy,6.2,70,35,45,4500,40
Guntur Teja red,20.75,20.75,1037500.0,Sandy,6.2,70,35,45,4500,40
Guntur Teja red,21,21.0,1050000,Sandy,6.2,70,35,45,4500,40
Guntur Teja red,21.25,21.25,1062500.0,Sandy,6.2,70,35,45,4500,40
Guntur Teja red,21.5,21.5,1075000.0,Sandy,6.2,70,35,45,4500,40
Guntur Teja red,21.75,21.75,1087500.0,Sandy,6.2,70,35,45,4500,40
Guntur Teja red,22,22.0,1100000,Sandy,6.2,70,35,45,4500,40
Guntur Teja red,22.25,22.25,1112500.0,Sandy,6.2,70,35,45,4500,40
Guntur Teja red,22.5,22.5,1125000.0,Sandy,6.2,70,35,45,4500,40
Guntur Teja red,22.75,22.75,1137500.0,Sandy,6.2,70,35,45,4500,40
Guntur Teja red,23,23.0,1150000,Sandy,6.2,70,35,45,4500,40
Guntur Teja red,23.25,23.25,1162500.0,Sandy,6.2,70,35,45,4500,40
Guntur Teja red,23.5,23.5,1175000.0,Sandy,6.2,70,35,45,4500,40
Guntur Teja red,23.75,23.75,1187500.0,Sandy,6.2,70,35,45,4500,40
Guntur Teja red,24,24.0,1200000,Sandy,6.2,70,35,45,4500,40
Guntur Teja red,24.25,24.25,1212500.0,Sandy,6.2,70,35,45,4500,40
Guntur Teja red,24.5,24.5,1225000.0,Sandy,6.2,70,35,45,4500,40
Guntur Teja red,24.75,24.75,1237500.0,Sandy,6.2,70,35,45,4500,40
Guntur Teja red,25,25.0,1250000,Sandy,6.2,70,35,45,4500,40
Guntur Teja red,25.25,25.25,1262500.0,Sandy,6.2,70,35,45,4500,40
Guntur Teja red,25.5,25.5,1275000.0,Sandy,6.2,70,35,45,4500,40
Guntur Teja red,25.75,25.75,1287500.0,Sandy,6.2,70,35,45,4500,40
Guntur Teja red,26,26.0,1300000,Sandy,6.2,70,35,45,4500,40
Guntur Teja red,26.25,26.25,1312500.0,Sandy,6.2,70,35,45,4500,40
Guntur Teja red,26.5,26.5,1325000.0,Sandy,6.2,70,35,45,4500,40
Guntur Teja red,26.75,26.75,1337500.0,Sandy,6.2,70,35,45,4500,40
Guntur Teja red,27,27.0,1350000,Sandy,6.2,70,35,45,4500,40
Guntur Teja red,27.25,27.25,1362500.0,Sandy,6.2,70,35,45,4500,40
Guntur Teja red,27.5,27.5,1375000.0,Sandy,6.2,70,35,45,4500,40
Guntur Teja red,27.75,27.75,1387500.0,Sandy,6.2,70,35,45,4500,40
Guntur Teja red,28,28.0,1400000,Sandy,6.2,70,35,45,4500,40
Guntur Teja red,28.25,28.25,1412500.0,Sandy,6.2,70,35,45,4500,40
Guntur Teja red,28.5,28.5,1425000.0,Sandy,6.2,70,35,45,4500,40
Guntur Teja red,28.75,28.75,1437500.0,Sandy,6.2,70,35,45,4500,40
Guntur Teja red,29,29.0,1450000,Sandy,6.2,70,35,45,4500,40
Guntur Teja red,29.25,29.25,1462500.0,Sandy,6.2,70,35,45,4500,40
Guntur Teja red,29.5,29.5,1475000.0,Sandy,6.2,70,35,45,4500,40
Guntur Teja red,29.75,29.75,1487500.0,Sandy,6.2,70,35,45,4500,40
Guntur Teja red,30,30.0,1500000,Sandy,6.2,70,35,45,4500,40
Guntur Teja red,30.25,30.25,1512500.0,Sandy,6.2,70,35,45,4500,40
Guntur Teja red,30.5,30.5,1525000.0,Sandy,6.2,70,35,45,4500,40
Guntur Teja red,30.75,30.75,1537500.0,Sandy,6.2,70,35,45,4500,40
Guntur Teja red,31,31.0,1550000,Sandy,6.2,70,35,45,4500,40
Guntur Teja red,31.25,31.25,1562500.0,Sandy,6.2,70,35,45,4500,40
Guntur Teja red,31.5,31.5,1575000.0,Sandy,6.2,70,35,45,4500,40
Guntur Teja red,31.75,31.75,1587500.0,Sandy,6.2,70,35,45,4500,40
Guntur Teja red,32,32.0,1600000,Sandy,6.2,70,35,45,4500,40
Guntur Teja red,32.25,32.25,1612500.0,Sandy,6.2,70,35,45,4500,40
Guntur Teja red,32.5,32.5,1625000.0,Sandy,6.2,70,35,45,4500,40
Guntur Teja red,32.75,32.75,1637500.0,Sandy,6.2,70,35,45,4500,40
Guntur Teja red,33,33.0,1650000,Sandy,6.2,70,35,45,4500,40
Guntur Teja red,33.25,33.25,1662500.0,Sandy,6.2,70,35,45,4500,40
Guntur Teja red,33.5,33.5,1675000.0,Sandy,6.2,70,35,45,4500,40
Guntur Teja red,33.75,33.75,1687500.0,Sandy,6.2,70,35,45,4500,40
Guntur Teja red,34,34.0,1700000,Sandy,6.2,70,35,45,4500,40
Guntur Teja red,34.25,34.25,1712500.0,Sandy,6.2,70,35,45,4500,40
Guntur Teja red,34.5,34.5,1725000.0,Sandy,6.2,70,35,45,4500,40
Guntur Teja red,34.75,34.75,1737500.0,Sandy,6.2,70,35,45,4500,40
Guntur Teja red,35,35.0,1750000,Sandy,6.2,70,35,45,4500,40
Guntur Teja red,35.25,35.25,1762500.0,Sandy,6.2,70,35,45,4500,40
Guntur Teja red,35.5,35.5,1775000.0,Sandy,6.2,70,35,45,4500,40
Guntur Teja red,35.75,35.75,1787500.0,Sandy,6.2,70,35,45,4500,40
Guntur Teja red,36,36.0,1800000,Sandy,6.2,70,35,45,4500,40
Guntur Teja red,36.25,36.25,1812500.0,Sandy,6.2,70,35,45,4500,40
Guntur Teja red,36.5,36.5,1825000.0,Sandy,6.2,70,35,45,4500,40
Guntur Teja red,36.75,36.75,1837500.0,Sandy,6.2,70,35,45,4500,40
Guntur Teja red,37,37.0,1850000,Sandy,6.2,70,35,45,4500,40
Guntur Teja red,37.25,37.25,1862500.0,Sandy,6.2,70,35,45,4500,40
Guntur Teja red,37.5,37.5,1875000.0,Sandy,6.2,70,35,45,4500,40
Guntur Teja red,37.75,37.75,1887500.0,Sandy,6.2,70,35,45,4500,40
Guntur Teja red,38,38.0,1900000,Sandy,6.2,70,35,45,4500,40
Guntur Teja red,38.25,38.25,1912500.0,Sandy,6.2,70,35,45,4500,40
Guntur Teja red,38.5,38.5,1925000.0,Sandy,6.2,70,35,45,4500,40
Guntur Teja red,38.75,38.75,1937500.0,Sandy,6.2,70,35,45,4500,40
Guntur Teja red,39,39.0,1950000,Sandy,6.2,70,35,45,4500,40
Guntur Teja red,39.25,39.25,1962500.0,Sandy,6.2,70,35,45,4500,40
Guntur Teja red,39.5,39.5,1975000.0,Sandy,6.2,70,35,45,4500,40
Guntur Teja red,39.75,39.75,1987500.0,Sandy,6.2,70,35,45,4500,40
Guntur Teja red,40,40.0,2000000,Sandy,6.2,70,35,45,4500,40
Guntur Teja red,40.25,40.25,2012500.0,Sandy,6.2,70,35,45,4500,40
Guntur Teja red,40.5,40.5,2025000.0,Sandy,6.2,70,35,45,4500,40
Guntur Teja red,40.75,40.75,2037500.0,Sandy,6.2,70,35,45,4500,40
Guntur Teja red,41,41.0,2050000,Sandy,6.2,70,35,45,4500,40
Guntur Teja red,41.25,41.25,2062500.0,Sandy,6.2,70,35,45,4500,40
Guntur Teja red,41.5,41.5,2075000.0,Sandy,6.2,70,35,45,4500,40
Guntur Teja red,41.75,41.75,2087500.0,Sandy,6.2,70,35,45,4500,40
Guntur Teja red,42,42.0,2100000,Sandy,6.2,70,35,45,4500,40
Guntur Teja red,42.25,42.25,2112500.0,Sandy,6.2,70,35,45,4500,40
Guntur Teja red,42.5,42.5,2125000.0,Sandy,6.2,70,35,45,4500,40
Guntur Teja red,42.75,42.75,2137500.0,Sandy,6.2,70,35,45,4500,40
Guntur Teja red,43,43.0,2150000,Sandy,6.2,70,35,45,4500,40
Guntur Teja red,43.25,43.25,2162500.0,Sandy,6.2,70,35,45,4500,40
Guntur Teja red,43.5,43.5,2175000.0,Sandy,6.2,70,35,45,4500,40
Guntur Teja red,43.75,43.75,2187500.0,Sandy,6.2,70,35,45,4500,40
Guntur Teja red,44,44.0,2200000,Sandy,6.2,70,35,45,4500,40
Guntur Teja red,44.25,44.25,2212500.0,Sandy,6.2,70,35,45,4500,40
Guntur Teja red,44.5,44.5,2225000.0,Sandy,6.2,70,35,45,4500,40
Guntur Teja red,44.75,44.75,2237500.0,Sandy,6.2,70,35,45,4500,40
Guntur Teja red,45,45.0,2250000,Sandy,6.2,70,35,45,4500,40
Guntur Teja red,45.25,45.25,2262500.0,Sandy,6.2,70,35,45,4500,40
Guntur Teja red,45.5,45.5,2275000.0,Sandy,6.2,70,35,45,4500,40
Guntur Teja red,45.75,45.75,2287500.0,Sandy,6.2,70,35,45,4500,40
Guntur Teja red,46,46.0,2300000,Sandy,6.2,70,35,45,4500,40
Guntur Teja red,46.25,46.25,2312500.0,Sandy,6.2,70,35,45,4500,40
Guntur Teja red,46.5,46.5,2325000.0,Sandy,6.2,70,35,45,4500,40
Guntur Teja red,46.75,46.75,2337500.0,Sandy,6.2,70,35,45,4500,40
Guntur Teja red,47,47.0,2350000,Sandy,6.2,70,35,45,4500,40
Guntur Teja red,47.25,47.25,2362500.0,Sandy,6.2,70,35,45,4500,40
Guntur Teja red,47.5,47.5,2375000.0,Sandy,6.2,70,35,45,4500,40
Guntur Teja red,47.75,47.75,2387500.0,Sandy,6.2,70,35,45,4500,40
Guntur Teja red,48,48.0,2400000,Sandy,6.2,70,35,45,4500,40
Guntur Teja red,48.25,48.25,2412500.0,Sandy,6.2,70,35,45,4500,40
Guntur Teja red,48.5,48.5,2425000.0,Sandy,6.2,70,35,45,4500,40
Guntur Teja red,48.75,48.75,2437500.0,Sandy,6.2,70,35,45,4500,40
Guntur Teja red,49,49.0,2450000,Sandy,6.2,70,35,45,4500,40
Guntur Teja red,49.25,49.25,2462500.0,Sandy,6.2,70,35,45,4500,40
Guntur Teja red,49.5,49.5,2475000.0,Sandy,6.2,70,35,45,4500,40
Guntur Teja red,49.75,49.75,2487500.0,Sandy,6.2,70,35,45,4500,40
Guntur Teja red,50,50.0,2500000,Sandy,6.2,70,35,45,4500,40
Guntur Teja red,50.25,50.25,2512500.0,Sandy,6.2,70,35,45,4500,40
Guntur Teja red,50.5,50.5,2525000.0,Sandy,6.2,70,35,45,4500,40
Guntur Teja red,50.75,50.75,2537500.0,Sandy,6.2,70,35,45,4500,40
334 red Chili,1,1.2,50000,Clayey,6.1,75,45,55,4800,50
334 red Chili,1.25,1.5,62500.0,Clayey,6.1,75,45,55,4800,50
334 red Chili,1.5,1.8,75000.0,Clayey,6.1,75,45,55,4800,50
334 red Chili,1.75,2.1,87500.0,Clayey,6.1,75,45,55,4800,50
334 red Chili,2,2.4,100000,Clayey,6.1,75,45,55,4800,50
334 red Chili,2.25,2.7,112500.0,Clayey,6.1,75,45,55,4800,50
334 red Chili,2.5,3.0,125000.0,Clayey,6.1,75,45,55,4800,50
334 red Chili,2.75,3.3,137500.0,Clayey,6.1,75,45,55,4800,50
334 red Chili,3,3.6,150000,Clayey,6.1,75,45,55,4800,50
334 red Chili,3.25,3.9,162500.0,Clayey,6.1,75,45,55,4800,50
334 red Chili,3.5,4.2,175000.0,Clayey,6.1,75,45,55,4800,50
334 red Chili,3.75,4.5,187500.0,Clayey,6.1,75,45,55,4800,50
334 red Chili,4,4.8,200000,Clayey,6.1,75,45,55,4800,50
334 red Chili,4.25,5.1,212500.0,Clayey,6.1,75,45,55,4800,50
334 red Chili,4.5,5.4,225000.0,Clayey,6.1,75,45,55,4800,50
334 red Chili,4.75,5.7,237500.0,Clayey,6.1,75,45,55,4800,50
334 red Chili,5,6.0,250000,Clayey,6.1,75,45,55,4800,50
334 red Chili,5.25,6.3,262500.0,Clayey,6.1,75,45,55,4800,50
334 red Chili,5.5,6.6,275000.0,Clayey,6.1,75,45,55,4800,50
334 red Chili,5.75,6.9,287500.0,Clayey,6.1,75,45,55,4800,50
334 red Chili,6,7.2,300000,Clayey,6.1,75,45,55,4800,50
334 red Chili,6.25,7.5,312500.0,Clayey,6.1,75,45,55,4800,50
334 red Chili,6.5,7.8,325000.0,Clayey,6.1,75,45,55,4800,50
334 red Chili,6.75,8.1,337500.0,Clayey,6.1,75,45,55,4800,50
334 red Chili,7,8.4,350000,Clayey,6.1,75,45,55,4800,50
334 red Chili,7.25,8.7,362500.0,Clayey,6.1,75,45,55,4800,50
334 red Chili,7.5,9.0,375000.0,Clayey,6.1,75,45,55,4800,50
334 red Chili,7.75,9.3,387500.0,Clayey,6.1,75,45,55,4800,50
334 red Chili,8,9.6,400000,Clayey,6.1,75,45,55,4800,50
334 red Chili,8.25,9.9,412500.0,Clayey,6.1,75,45,55,4800,50
334 red Chili,8.5,10.2,425000.0,Clayey,6.1,75,45,55,4800,50
334 red Chili,8.75,10.5,437500.0,Clayey,6.1,75,45,55,4800,50
334 red Chili,9,10.8,450000,Clayey,6.1,75,45,55,4800,50
334 red Chili,9.25,11.1,462500.0,Clayey,6.1,75,45,55,4800,50
334 red Chili,9.5,11.4,475000.0,Clayey,6.1,75,45,55,4800,50
334 red Chili,9.75,11.7,487500.0,Clayey,6.1,75,45,55,4800,50
334 red Chili,10,12.0,500000,Clayey,6.1,75,45,55,4800,50
334 red Chili,10.25,12.3,512500.0,Clayey,6.1,75,45,55,4800,50
334 red Chili,10.5,12.6,525000.0,Clayey,6.1,75,45,55,4800,50
334 red Chili,10.75,12.9,537500.0,Clayey,6.1,75,45,55,4800,50
334 red Chili,11,13.2,550000,Clayey,6.1,75,45,55,4800,50
334 red Chili,11.25,13.5,562500.0,Clayey,6.1,75,45,55,4800,50
334 red Chili,11.5,13.8,575000.0,Clayey,6.1,75,45,55,4800,50
334 red Chili,11.75,14.1,587500.0,Clayey,6.1,75,45,55,4800,50
334 red Chili,12,14.4,600000,Clayey,6.1,75,45,55,4800,50
334 red Chili,12.25,14.7,612500.0,Clayey,6.1,75,45,55,4800,50
334 red Chili,12.5,15.0,625000.0,Clayey,6.1,75,45,55,4800,50
334 red Chili,12.75,15.3,637500.0,Clayey,6.1,75,45,55,4800,50
334 red Chili,13,15.6,650000,Clayey,6.1,75,45,55,4800,50
334 red Chili,13.25,15.9,662500.0,Clayey,6.1,75,45,55,4800,50
334 red Chili,13.5,16.2,675000.0,Clayey,6.1,75,45,55,4800,50
334 red Chili,13.75,16.5,687500.0,Clayey,6.1,75,45,55,4800,50
334 red Chili,14,16.8,700000,Clayey,6.1,75,45,55,4800,50
334 red Chili,14.25,17.1,712500.0,Clayey,6.1,75,45,55,4800,50
334 red Chili,14.5,17.4,725000.0,Clayey,6.1,75,45,55,4800,50
334 red Chili,14.75,17.7,737500.0,Clayey,6.1,75,45,55,4800,50
334 red Chili,15,18.0,750000,Clayey,6.1,75,45,55,4800,50
334 red Chili,15.25,18.3,762500.0,Clayey,6.1,75,45,55,4800,50
334 red Chili,15.5,18.6,775000.0,Clayey,6.1,75,45,55,4800,50
334 red Chili,15.75,18.9,787500.0,Clayey,6.1,75,45,55,4800,50
334 red Chili,16,19.2,800000,Clayey,6.1,75,45,55,4800,50
334 red Chili,16.25,19.5,812500.0,Clayey,6.1,75,45,55,4800,50
334 red Chili,16.5,19.8,825000.0,Clayey,6.1,75,45,55,4800,50
334 red Chili,16.75,20.1,837500.0,Clayey,6.1,75,45,55,4800,50
334 red Chili,17,20.4,850000,Clayey,6.1,75,45,55,4800,50
334 red Chili,17.25,20.7,862500.0,Clayey,6.1,75,45,55,4800,50
334 red Chili,17.5,21.0,875000.0,Clayey,6.1,75,45,55,4800,50
334 red Chili,17.75,21.3,887500.0,Clayey,6.1,75,45,55,4800,50
334 red Chili,18,21.6,900000,Clayey,6.1,75,45,55,4800,50
334 red Chili,18.25,21.9,912500.0,Clayey,6.1,75,45,55,4800,50
334 red Chili,18.5,22.2,925000.0,Clayey,6.1,75,45,55,4800,50
334 red Chili,18.75,22.5,937500.0,Clayey,6.1,75,45,55,4800,50
334 red Chili,19,22.8,950000,Clayey,6.1,75,45,55,4800,50
334 red Chili,19.25,23.1,962500.0,Clayey,6.1,75,45,55,4800,50
334 red Chili,19.5,23.4,975000.0,Clayey,6.1,75,45,55,4800,50
334 red Chili,19.75,23.7,987500.0,Clayey,6.1,75,45,55,4800,50
334 red Chili,20,24.0,1000000,Clayey,6.1,75,45,55,4800,50
334 red Chili,20.25,24.3,1012500.0,Clayey,6.1,75,45,55,4800,50
334 red Chili,20.5,24.6,1025000.0,Clayey,6.1,75,45,55,4800,50
334 red Chili,20.75,24.9,1037500.0,Clayey,6.1,75,45,55,4800,50
334 red Chili,21,25.2,1050000,Clayey,6.1,75,45,55,4800,50
334 red Chili,21.25,25.5,1062500.0,Clayey,6.1,75,45,55,4800,50
334 red Chili,21.5,25.8,1075000.0,Clayey,6.1,75,45,55,4800,50
334 red Chili,21.75,26.1,1087500.0,Clayey,6.1,75,45,55,4800,50
334 red Chili,22,26.4,1100000,Clayey,6.1,75,45,55,4800,50
334 red Chili,22.25,26.7,1112500.0,Clayey,6.1,75,45,55,4800,50
334 red Chili,22.5,27.0,1125000.0,Clayey,6.1,75,45,55,4800,50
334 red Chili,22.75,27.3,1137500.0,Clayey,6.1,75,45,55,4800,50
334 red Chili,23,27.6,1150000,Clayey,6.1,75,45,55,4800,50
334 red Chili,23.25,27.9,1162500.0,Clayey,6.1,75,45,55,4800,50
334 red Chili,23.5,28.2,1175000.0,Clayey,6.1,75,45,55,4800,50
334 red Chili,23.75,28.5,1187500.0,Clayey,6.1,75,45,55,4800,50
334 red Chili,24,28.8,1200000,Clayey,6.1,75,45,55,4800,50
334 red Chili,24.25,29.1,1212500.0,Clayey,6.1,75,45,55,4800,50
334 red Chili,24.5,29.4,1225000.0,Clayey,6.1,75,45,55,4800,50
334 red Chili,24.75,29.7,1237500.0,Clayey,6.1,75,45,55,4800,50
334 red Chili,25,30.0,1250000,Clayey,6.1,75,45,55,4800,50
334 red Chili,25.25,30.3,1262500.0,Clayey,6.1,75,45,55,4800,50
334 red Chili,25.5,30.6,1275000.0,Clayey,6.1,75,45,55,4800,50
334 red Chili,25.75,30.9,1287500.0,Clayey,6.1,75,45,55,4800,50
334 red Chili,26,31.2,1300000,Clayey,6.1,75,45,55,4800,50
334 red Chili,26.25,31.5,1312500.0,Clayey,6.1,75,45,55,4800,50
334 red Chili,26.5,31.8,1325000.0,Clayey,6.1,75,45,55,4800,50
334 red Chili,26.75,32.1,1337500.0,Clayey,6.1,75,45,55,4800,50
334 red Chili,27,32.4,1350000,Clayey,6.1,75,45,55,4800,50
334 red Chili,27.25,32.7,1362500.0,Clayey,6.1,75,45,55,4800,50
334 red Chili,27.5,33.0,1375000.0,Clayey,6.1,75,45,55,4800,50
334 red Chili,27.75,33.3,1387500.0,Clayey,6.1,75,45,55,4800,50
334 red Chili,28,33.6,1400000,Clayey,6.1,75,45,55,4800,50
334 red Chili,28.25,33.9,1412500.0,Clayey,6.1,75,45,55,4800,50
334 red Chili,28.5,34.2,1425000.0,Clayey,6.1,75,45,55,4800,50
334 red Chili,28.75,34.5,1437500.0,Clayey,6.1,75,45,55,4800,50
334 red Chili,29,34.8,1450000,Clayey,6.1,75,45,55,4800,50
334 red Chili,29.25,35.1,1462500.0,Clayey,6.1,75,45,55,4800,50
334 red Chili,29.5,35.4,1475000.0,Clayey,6.1,75,45,55,4800,50
334 red Chili,29.75,35.7,1487500.0,Clayey,6.1,75,45,55,4800,50
334 red Chili,30,36.0,1500000,Clayey,6.1,75,45,55,4800,50
334 red Chili,30.25,36.3,1512500.0,Clayey,6.1,75,45,55,4800,50
334 red Chili,30.5,36.6,1525000.0,Clayey,6.1,75,45,55,4800,50
334 red Chili,30.75,36.9,1537500.0,Clayey,6.1,75,45,55,4800,50
334 red Chili,31,37.2,1550000,Clayey,6.1,75,45,55,4800,50
334 red Chili,31.25,37.5,1562500.0,Clayey,6.1,75,45,55,4800,50
334 red Chili,31.5,37.8,1575000.0,Clayey,6.1,75,45,55,4800,50
334 red Chili,31.75,38.1,1587500.0,Clayey,6.1,75,45,55,4800,50
334 red Chili,32,38.4,1600000,Clayey,6.1,75,45,55,4800,50
334 red Chili,32.25,38.7,1612500.0,Clayey,6.1,75,45,55,4800,50
334 red Chili,32.5,39.0,1625000.0,Clayey,6.1,75,45,55,4800,50
334 red Chili,32.75,39.3,1637500.0,Clayey,6.1,75,45,55,4800,50
334 red Chili,33,39.6,1650000,Clayey,6.1,75,45,55,4800,50
334 red Chili,33.25,39.9,1662500.0,Clayey,6.1,75,45,55,4800,50
334 red Chili,33.5,40.2,1675000.0,Clayey,6.1,75,45,55,4800,50
334 red Chili,33.75,40.5,1687500.0,Clayey,6.1,75,45,55,4800,50
334 red Chili,34,40.8,1700000,Clayey,6.1,75,45,55,4800,50
334 red Chili,34.25,41.1,1712500.0,Clayey,6.1,75,45,55,4800,50
334 red Chili,34.5,41.4,1725000.0,Clayey,6.1,75,45,55,4800,50
334 red Chili,34.75,41.7,1737500.0,Clayey,6.1,75,45,55,4800,50
334 red Chili,35,42.0,1750000,Clayey,6.1,75,45,55,4800,50
334 red Chili,35.25,42.3,1762500.0,Clayey,6.1,75,45,55,4800,50
334 red Chili,35.5,42.6,1775000.0,Clayey,6.1,75,45,55,4800,50
334 red Chili,35.75,42.9,1787500.0,Clayey,6.1,75,45,55,4800,50
334 red Chili,36,43.2,1800000,Clayey,6.1,75,45,55,4800,50
334 red Chili,36.25,43.5,1812500.0,Clayey,6.1,75,45,55,4800,50
334 red Chili,36.5,43.8,1825000.0,Clayey,6.1,75,45,55,4800,50
334 red Chili,36.75,44.1,1837500.0,Clayey,6.1,75,45,55,4800,50
334 red Chili,37,44.4,1850000,Clayey,6.1,75,45,55,4800,50
334 red Chili,37.25,44.7,1862500.0,Clayey,6.1,75,45,55,4800,50
334 red Chili,37.5,45.0,1875000.0,Clayey,6.1,75,45,55,4800,50
334 red Chili,37.75,45.3,1887500.0,Clayey,6.1,75,45,55,4800,50
334 red Chili,38,45.6,1900000,Clayey,6.1,75,45,55,4800,50
334 red Chili,38.25,45.9,1912500.0,Clayey,6.1,75,45,55,4800,50
334 red Chili,38.5,46.2,1925000.0,Clayey,6.1,75,45,55,4800,50
334 red Chili,38.75,46.5,1937500.0,Clayey,6.1,75,45,55,4800,50
334 red Chili,39,46.8,1950000,Clayey,6.1,75,45,55,4800,50
334 red Chili,39.25,47.1,1962500.0,Clayey,6.1,75,45,55,4800,50
334 red Chili,39.5,47.4,1975000.0,Clayey,6.1,75,45,55,4800,50
334 red Chili,39.75,47.7,1987500.0,Clayey,6.1,75,45,55,4800,50
334 red Chili,40,48.0,2000000,Clayey,6.1,75,45,55,4800,50
334 red Chili,40.25,48.3,2012500.0,Clayey,6.1,75,45,55,4800,50
334 red Chili,40.5,48.6,2025000.0,Clayey,6.1,75,45,55,4800,50
334 red Chili,40.75,48.9,2037500.0,Clayey,6.1,75,45,55,4800,50
334 red Chili,41,49.2,2050000,Clayey,6.1,75,45,55,4800,50
334 red Chili,41.25,49.5,2062500.0,Clayey,6.1,75,45,55,4800,50
334 red Chili,41.5,49.8,2075000.0,Clayey,6.1,75,45,55,4800,50
334 red Chili,41.75,50.1,2087500.0,Clayey,6.1,75,45,55,4800,50
334 red Chili,42,50.4,2100000,Clayey,6.1,75,45,55,4800,50
334 red Chili,42.25,50.7,2112500.0,Clayey,6.1,75,45,55,4800,50
334 red Chili,42.5,51.0,2125000.0,Clayey,6.1,75,45,55,4800,50
334 red Chili,42.75,51.3,2137500.0,Clayey,6.1,75,45,55,4800,50
334 red Chili,43,51.6,2150000,Clayey,6.1,75,45,55,4800,50
334 red Chili,43.25,51.9,2162500.0,Clayey,6.1,75,45,55,4800,50
334 red Chili,43.5,52.2,2175000.0,Clayey,6.1,75,45,55,4800,50
334 red Chili,43.75,52.5,2187500.0,Clayey,6.1,75,45,55,4800,50
334 red Chili,44,52.8,2200000,Clayey,6.1,75,45,55,4800,50
334 red Chili,44.25,53.1,2212500.0,Clayey,6.1,75,45,55,4800,50
334 red Chili,44.5,53.4,2225000.0,Clayey,6.1,75,45,55,4800,50
334 red Chili,44.75,53.7,2237500.0,Clayey,6.1,75,45,55,4800,50
334 red Chili,45,54.0,2250000,Clayey,6.1,75,45,55,4800,50
334 red Chili,45.25,54.3,2262500.0,Clayey,6.1,75,45,55,4800,50
334 red Chili,45.5,54.6,2275000.0,Clayey,6.1,75,45,55,4800,50
334 red Chili,45.75,54.9,2287500.0,Clayey,6.1,75,45,55,4800,50
334 red Chili,46,55.2,2300000,Clayey,6.1,75,45,55,4800,50
334 red Chili,46.25,55.5,2312500.0,Clayey,6.1,75,45,55,4800,50
334 red Chili,46.5,55.8,2325000.0,Clayey,6.1,75,45,55,4800,50
334 red Chili,46.75,56.1,2337500.0,Clayey,6.1,75,45,55,4800,50
334 red Chili,47,56.4,2350000,Clayey,6.1,75,45,55,4800,50
334 red Chili,47.25,56.7,2362500.0,Clayey,6.1,75,45,55,4800,50
334 red Chili,47.5,57.0,2375000.0,Clayey,6.1,75,45,55,4800,50
334 red Chili,47.75,57.3,2387500.0,Clayey,6.1,75,45,55,4800,50
334 red Chili,48,57.6,2400000,Clayey,6.1,75,45,55,4800,50
334 red Chili,48.25,57.9,2412500.0,Clayey,6.1,75,45,55,4800,50
334 red Chili,48.5,58.2,2425000.0,Clayey,6.1,75,45,55,4800,50
334 red Chili,48.75,58.5,2437500.0,Clayey,6.1,75,45,55,4800,50
334 red Chili,49,58.8,2450000,Clayey,6.1,75,45,55,4800,50
334 red Chili,49.25,59.1,2462500.0,Clayey,6.1,75,45,55,4800,50
334 red Chili,49.5,59.4,2475000.0,Clayey,6.1,75,45,55,4800,50
334 red Chili,49.75,59.7,2487500.0,Clayey,6.1,75,45,55,4800,50
334 red Chili,50,60.0,2500000,Clayey,6.1,75,45,55,4800,50
334 red Chili,50.25,60.3,2512500.0,Clayey,6.1,75,45,55,4800,50
334 red Chili,50.5,60.6,2525000.0,Clayey,6.1,75,45,55,4800,50
334 red Chili,50.75,60.9,2537500.0,Clayey,6.1,75,45,55,4800,50
Byadgi red Chili,1,1.1,50000,Silty,6.3,85,50,60,5200,55
Byadgi red Chili,1.25,1.38,62500.0,Silty,6.3,85,50,60,5200,55
Byadgi red Chili,1.5,1.65,75000.0,Silty,6.3,85,50,60,5200,55
Byadgi red Chili,1.75,1.93,87500.0,Silty,6.3,85,50,60,5200,55
Byadgi red Chili,2,2.2,100000,Silty,6.3,85,50,60,5200,55
Byadgi red Chili,2.25,2.48,112500.0,Silty,6.3,85,50,60,5200,55
Byadgi red Chili,2.5,2.75,125000.0,Silty,6.3,85,50,60,5200,55
Byadgi red Chili,2.75,3.03,137500.0,Silty,6.3,85,50,60,5200,55
Byadgi red Chili,3,3.3,150000,Silty,6.3,85,50,60,5200,55
Byadgi red Chili,3.25,3.58,162500.0,Silty,6.3,85,50,60,5200,55
Byadgi red Chili,3.5,3.85,175000.0,Silty,6.3,85,50,60,5200,55
Byadgi red Chili,3.75,4.12,187500.0,Silty,6.3,85,50,60,5200,55
Byadgi red Chili,4,4.4,200000,Silty,6.3,85,50,60,5200,55
Byadgi red Chili,4.25,4.68,212500.0,Silty,6.3,85,50,60,5200,55
Byadgi red Chili,4.5,4.95,225000.0,Silty,6.3,85,50,60,5200,55
Byadgi red Chili,4.75,5.23,237500.0,Silty,6.3,85,50,60,5200,55
Byadgi red Chili,5,5.5,250000,Silty,6.3,85,50,60,5200,55
Byadgi red Chili,5.25,5.78,262500.0,Silty,6.3,85,50,60,5200,55
Byadgi red Chili,5.5,6.05,275000.0,Silty,6.3,85,50,60,5200,55
Byadgi red Chili,5.75,6.33,287500.0,Silty,6.3,85,50,60,5200,55
Byadgi red Chili,6,6.6,300000,Silty,6.3,85,50,60,5200,55
Byadgi red Chili,6.25,6.88,312500.0,Silty,6.3,85,50,60,5200,55
Byadgi red Chili,6.5,7.15,325000.0,Silty,6.3,85,50,60,5200,55
Byadgi red Chili,6.75,7.43,337500.0,Silty,6.3,85,50,60,5200,55
Byadgi red Chili,7,7.7,350000,Silty,6.3,85,50,60,5200,55
Byadgi red Chili,7.25,7.98,362500.0,Silty,6.3,85,50,60,5200,55
Byadgi red Chili,7.5,8.25,375000.0,Silty,6.3,85,50,60,5200,55
Byadgi red Chili,7.75,8.53,387500.0,Silty,6.3,85,50,60,5200,55
Byadgi red Chili,8,8.8,400000,Silty,6.3,85,50,60,5200,55
Byadgi red Chili,8.25,9.08,412500.0,Silty,6.3,85,50,60,5200,55
Byadgi red Chili,8.5,9.35,425000.0,Silty,6.3,85,50,60,5200,55
Byadgi red Chili,8.75,9.62,437500.0,Silty,6.3,85,50,60,5200,55
Byadgi red Chili,9,9.9,450000,Silty,6.3,85,50,60,5200,55
Byadgi red Chili,9.25,10.18,462500.0,Silty,6.3,85,50,60,5200,55
Byadgi red Chili,9.5,10.45,475000.0,Silty,6.3,85,50,60,5200,55
Byadgi red Chili,9.75,10.73,487500.0,Silty,6.3,85,50,60,5200,55
Byadgi red Chili,10,11.0,500000,Silty,6.3,85,50,60,5200,55
Byadgi red Chili,10.25,11.28,512500.0,Silty,6.3,85,50,60,5200,55
Byadgi red Chili,10.5,11.55,525000.0,Silty,6.3,85,50,60,5200,55
Byadgi red Chili,10.75,11.83,537500.0,Silty,6.3,85,50,60,5200,55
Byadgi red Chili,11,12.1,550000,Silty,6.3,85,50,60,5200,55
Byadgi red Chili,11.25,12.38,562500.0,Silty,6.3,85,50,60,5200,55
Byadgi red Chili,11.5,12.65,575000.0,Silty,6.3,85,50,60,5200,55
Byadgi red Chili,11.75,12.93,587500.0,Silty,6.3,85,50,60,5200,55
Byadgi red Chili,12,13.2,600000,Silty,6.3,85,50,60,5200,55
Byadgi red Chili,12.25,13.48,612500.0,Silty,6.3,85,50,60,5200,55
Byadgi red Chili,12.5,13.75,625000.0,Silty,6.3,85,50,60,5200,55
Byadgi red Chili,12.75,14.03,637500.0,Silty,6.3,85,50,60,5200,55
Byadgi red Chili,13,14.3,650000,Silty,6.3,85,50,60,5200,55
Byadgi red Chili,13.25,14.58,662500.0,Silty,6.3,85,50,60,5200,55
Byadgi red Chili,13.5,14.85,675000.0,Silty,6.3,85,50,60,5200,55
Byadgi red Chili,13.75,15.13,687500.0,Silty,6.3,85,50,60,5200,55
Byadgi red Chili,14,15.4,700000,Silty,6.3,85,50,60,5200,55
Byadgi red Chili,14.25,15.68,712500.0,Silty,6.3,85,50,60,5200,55
Byadgi red Chili,14.5,15.95,725000.0,Silty,6.3,85,50,60,5200,55
Byadgi red Chili,14.75,16.23,737500.0,Silty,6.3,85,50,60,5200,55
Byadgi red Chili,15,16.5,750000,Silty,6.3,85,50,60,5200,55
Byadgi red Chili,15.25,16.78,762500.0,Silty,6.3,85,50,60,5200,55
Byadgi red Chili,15.5,17.05,775000.0,Silty,6.3,85,50,60,5200,55
Byadgi red Chili,15.75,17.33,787500.0,Silty,6.3,85,50,60,5200,55
Byadgi red Chili,16,17.6,800000,Silty,6.3,85,50,60,5200,55
Byadgi red Chili,16.25,17.88,812500.0,Silty,6.3,85,50,60,5200,55
Byadgi red Chili,16.5,18.15,825000.0,Silty,6.3,85,50,60,5200,55
Byadgi red Chili,16.75,18.43,837500.0,Silty,6.3,85,50,60,5200,55
Byadgi red Chili,17,18.7,850000,Silty,6.3,85,50,60,5200,55
Byadgi red Chili,17.25,18.98,862500.0,Silty,6.3,85,50,60,5200,55
Byadgi red Chili,17.5,19.25,875000.0,Silty,6.3,85,50,60,5200,55
Byadgi red Chili,17.75,19.53,887500.0,Silty,6.3,85,50,60,5200,55
Byadgi red Chili,18,19.8,900000,Silty,6.3,85,50,60,5200,55
Byadgi red Chili,18.25,20.08,912500.0,Silty,6.3,85,50,60,5200,55
Byadgi red Chili,18.5,20.35,925000.0,Silty,6.3,85,50,60,5200,55
Byadgi red Chili,18.75,20.62,937500.0,Silty,6.3,85,50,60,5200,55
Byadgi red Chili,19,20.9,950000,Silty,6.3,85,50,60,5200,55
Byadgi red Chili,19.25,21.18,962500.0,Silty,6.3,85,50,60,5200,55
Byadgi red Chili,19.5,21.45,975000.0,Silty,6.3,85,50,60,5200,55
Byadgi red Chili,19.75,21.73,987500.0,Silty,6.3,85,50,60,5200,55
Byadgi red Chili,20,22.0,1000000,Silty,6.3,85,50,60,5200,55
Byadgi red Chili,20.25,22.28,1012500.0,Silty,6.3,85,50,60,5200,55
Byadgi red Chili,20.5,22.55,1025000.0,Silty,6.3,85,50,60,5200,55
Byadgi red Chili,20.75,22.83,1037500.0,Silty,6.3,85,50,60,5200,55
Byadgi red Chili,21,23.1,1050000,Silty,6.3,85,50,60,5200,55
Byadgi red Chili,21.25,23.38,1062500.0,Silty,6.3,85,50,60,5200,55
Byadgi red Chili,21.5,23.65,1075000.0,Silty,6.3,85,50,60,5200,55
Byadgi red Chili,21.75,23.93,1087500.0,Silty,6.3,85,50,60,5200,55
Byadgi red Chili,22,24.2,1100000,Silty,6.3,85,50,60,5200,55
Byadgi red Chili,22.25,24.48,1112500.0,Silty,6.3,85,50,60,5200,55
Byadgi red Chili,22.5,24.75,1125000.0,Silty,6.3,85,50,60,5200,55
Byadgi red Chili,22.75,25.03,1137500.0,Silty,6.3,85,50,60,5200,55
Byadgi red Chili,23,25.3,1150000,Silty,6.3,85,50,60,5200,55
Byadgi red Chili,23.25,25.58,1162500.0,Silty,6.3,85,50,60,5200,55
Byadgi red Chili,23.5,25.85,1175000.0,Silty,6.3,85,50,60,5200,55
Byadgi red Chili,23.75,26.13,1187500.0,Silty,6.3,85,50,60,5200,55
Byadgi red Chili,24,26.4,1200000,Silty,6.3,85,50,60,5200,55
Byadgi red Chili,24.25,26.68,1212500.0,Silty,6.3,85,50,60,5200,55
Byadgi red Chili,24.5,26.95,1225000.0,Silty,6.3,85,50,60,5200,55
Byadgi red Chili,24.75,27.23,1237500.0,Silty,6.3,85,50,60,5200,55
Byadgi red Chili,25,27.5,1250000,Silty,6.3,85,50,60,5200,55
Byadgi red Chili,25.25,27.78,1262500.0,Silty,6.3,85,50,60,5200,55
Byadgi red Chili,25.5,28.05,1275000.0,Silty,6.3,85,50,60,5200,55
Byadgi red Chili,25.75,28.33,1287500.0,Silty,6.3,85,50,60,5200,55
Byadgi red Chili,26,28.6,1300000,Silty,6.3,85,50,60,5200,55
Byadgi red Chili,26.25,28.88,1312500.0,Silty,6.3,85,50,60,5200,55
Byadgi red Chili,26.5,29.15,1325000.0,Silty,6.3,85,50,60,5200,55
Byadgi red Chili,26.75,29.43,1337500.0,Silty,6.3,85,50,60,5200,55
Byadgi red Chili,27,29.7,1350000,Silty,6.3,85,50,60,5200,55
Byadgi red Chili,27.25,29.98,1362500.0,Silty,6.3,85,50,60,5200,55
Byadgi red Chili,27.5,30.25,1375000.0,Silty,6.3,85,50,60,5200,55
Byadgi red Chili,27.75,30.53,1387500.0,Silty,6.3,85,50,60,5200,55
Byadgi red Chili,28,30.8,1400000,Silty,6.3,85,50,60,5200,55
Byadgi red Chili,28.25,31.08,1412500.0,Silty,6.3,85,50,60,5200,55
Byadgi red Chili,28.5,31.35,1425000.0,Silty,6.3,85,50,60,5200,55
Byadgi red Chili,28.75,31.63,1437500.0,Silty,6.3,85,50,60,5200,55
Byadgi red Chili,29,31.9,1450000,Silty,6.3,85,50,60,5200,55
Byadgi red Chili,29.25,32.18,1462500.0,Silty,6.3,85,50,60,5200,55
Byadgi red Chili,29.5,32.45,1475000.0,Silty,6.3,85,50,60,5200,55
Byadgi red Chili,29.75,32.73,1487500.0,Silty,6.3,85,50,60,5200,55
Byadgi red Chili,30,33.0,1500000,Silty,6.3,85,50,60,5200,55
Byadgi red Chili,30.25,33.28,1512500.0,Silty,6.3,85,50,60,5200,55
Byadgi red Chili,30.5,33.55,1525000.0,Silty,6.3,85,50,60,5200,55
Byadgi red Chili,30.75,33.83,1537500.0,Silty,6.3,85,50,60,5200,55
Byadgi red Chili,31,34.1,1550000,Silty,6.3,85,50,60,5200,55
Byadgi red Chili,31.25,34.38,1562500.0,Silty,6.3,85,50,60,5200,55
Byadgi red Chili,31.5,34.65,1575000.0,Silty,6.3,85,50,60,5200,55
Byadgi red Chili,31.75,34.93,1587500.0,Silty,6.3,85,50,60,5200,55
Byadgi red Chili,32,35.2,1600000,Silty,6.3,85,50,60,5200,55
Byadgi red Chili,32.25,35.48,1612500.0,Silty,6.3,85,50,60,5200,55
Byadgi red Chili,32.5,35.75,1625000.0,Silty,6.3,85,50,60,5200,55
Byadgi red Chili,32.75,36.03,1637500.0,Silty,6.3,85,50,60,5200,55
Byadgi red Chili,33,36.3,1650000,Silty,6.3,85,50,60,5200,55
Byadgi red Chili,33.25,36.58,1662500.0,Silty,6.3,85,50,60,5200,55
Byadgi red Chili,33.5,36.85,1675000.0,Silty,6.3,85,50,60,5200,55
Byadgi red Chili,33.75,37.12,1687500.0,Silty,6.3,85,50,60,5200,55
Byadgi red Chili,34,37.4,1700000,Silty,6.3,85,50,60,5200,55
Byadgi red Chili,34.25,37.68,1712500.0,Silty,6.3,85,50,60,5200,55
Byadgi red Chili,34.5,37.95,1725000.0,Silty,6.3,85,50,60,5200,55
Byadgi red Chili,34.75,38.23,1737500.0,Silty,6.3,85,50,60,5200,55
Byadgi red Chili,35,38.5,1750000,Silty,6.3,85,50,60,5200,55
Byadgi red Chili,35.25,38.78,1762500.0,Silty,6.3,85,50,60,5200,55
Byadgi red Chili,35.5,39.05,1775000.0,Silty,6.3,85,50,60,5200,55
Byadgi red Chili,35.75,39.33,1787500.0,Silty,6.3,85,50,60,5200,55
Byadgi red Chili,36,39.6,1800000,Silty,6.3,85,50,60,5200,55
Byadgi red Chili,36.25,39.88,1812500.0,Silty,6.3,85,50,60,5200,55
Byadgi red Chili,36.5,40.15,1825000.0,Silty,6.3,85,50,60,5200,55
Byadgi red Chili,36.75,40.43,1837500.0,Silty,6.3,85,50,60,5200,55
Byadgi red Chili,37,40.7,1850000,Silty,6.3,85,50,60,5200,55
Byadgi red Chili,37.25,40.98,1862500.0,Silty,6.3,85,50,60,5200,55
Byadgi red Chili,37.5,41.25,1875000.0,Silty,6.3,85,50,60,5200,55
Byadgi red Chili,37.75,41.53,1887500.0,Silty,6.3,85,50,60,5200,55
Byadgi red Chili,38,41.8,1900000,Silty,6.3,85,50,60,5200,55
Byadgi red Chili,38.25,42.08,1912500.0,Silty,6.3,85,50,60,5200,55
Byadgi red Chili,38.5,42.35,1925000.0,Silty,6.3,85,50,60,5200,55
Byadgi red Chili,38.75,42.62,1937500.0,Silty,6.3,85,50,60,5200,55
Byadgi red Chili,39,42.9,1950000,Silty,6.3,85,50,60,5200,55
Byadgi red Chili,39.25,43.18,1962500.0,Silty,6.3,85,50,60,5200,55
Byadgi red Chili,39.5,43.45,1975000.0,Silty,6.3,85,50,60,5200,55
Byadgi red Chili,39.75,43.73,1987500.0,Silty,6.3,85,50,60,5200,55
Byadgi red Chili,40,44.0,2000000,Silty,6.3,85,50,60,5200,55
Byadgi red Chili,40.25,44.28,2012500.0,Silty,6.3,85,50,60,5200,55
Byadgi red Chili,40.5,44.55,2025000.0,Silty,6.3,85,50,60,5200,55
Byadgi red Chili,40.75,44.83,2037500.0,Silty,6.3,85,50,60,5200,55
Byadgi red Chili,41,45.1,2050000,Silty,6.3,85,50,60,5200,55
Byadgi red Chili,41.25,45.38,2062500.0,Silty,6.3,85,50,60,5200,55
Byadgi red Chili,41.5,45.65,2075000.0,Silty,6.3,85,50,60,5200,55
Byadgi red Chili,41.75,45.93,2087500.0,Silty,6.3,85,50,60,5200,55
Byadgi red Chili,42,46.2,2100000,Silty,6.3,85,50,60,5200,55
Byadgi red Chili,42.25,46.48,2112500.0,Silty,6.3,85,50,60,5200,55
Byadgi red Chili,42.5,46.75,2125000.0,Silty,6.3,85,50,60,5200,55
Byadgi red Chili,42.75,47.03,2137500.0,Silty,6.3,85,50,60,5200,55
Byadgi red Chili,43,47.3,2150000,Silty,6.3,85,50,60,5200,55
Byadgi red Chili,43.25,47.58,2162500.0,Silty,6.3,85,50,60,5200,55
Byadgi red Chili,43.5,47.85,2175000.0,Silty,6.3,85,50,60,5200,55
Byadgi red Chili,43.75,48.13,2187500.0,Silty,6.3,85,50,60,5200,55
Byadgi red Chili,44,48.4,2200000,Silty,6.3,85,50,60,5200,55
Byadgi red Chili,44.25,48.68,2212500.0,Silty,6.3,85,50,60,5200,55
Byadgi red Chili,44.5,48.95,2225000.0,Silty,6.3,85,50,60,5200,55
Byadgi red Chili,44.75,49.23,2237500.0,Silty,6.3,85,50,60,5200,55
Byadgi red Chili,45,49.5,2250000,Silty,6.3,85,50,60,5200,55
Byadgi red Chili,45.25,49.78,2262500.0,Silty,6.3,85,50,60,5200,55
Byadgi red Chili,45.5,50.05,2275000.0,Silty,6.3,85,50,60,5200,55
Byadgi red Chili,45.75,50.33,2287500.0,Silty,6.3,85,50,60,5200,55
Byadgi red Chili,46,50.6,2300000,Silty,6.3,85,50,60,5200,55
Byadgi red Chili,46.25,50.88,2312500.0,Silty,6.3,85,50,60,5200,55
Byadgi red Chili,46.5,51.15,2325000.0,Silty,6.3,85,50,60,5200,55
Byadgi red Chili,46.75,51.43,2337500.0,Silty,6.3,85,50,60,5200,55
Byadgi red Chili,47,51.7,2350000,Silty,6.3,85,50,60,5200,55
Byadgi red Chili,47.25,51.98,2362500.0,Silty,6.3,85,50,60,5200,55
Byadgi red Chili,47.5,52.25,2375000.0,Silty,6.3,85,50,60,5200,55
Byadgi red Chili,47.75,52.53,2387500.0,Silty,6.3,85,50,60,5200,55
Byadgi red Chili,48,52.8,2400000,Silty,6.3,85,50,60,5200,55
Byadgi red Chili,48.25,53.08,2412500.0,Silty,6.3,85,50,60,5200,55
Byadgi red Chili,48.5,53.35,2425000.0,Silty,6.3,85,50,60,5200,55
Byadgi red Chili,48.75,53.63,2437500.0,Silty,6.3,85,50,60,5200,55
Byadgi red Chili,49,53.9,2450000,Silty,6.3,85,50,60,5200,55
Byadgi red Chili,49.25,54.18,2462500.0,Silty,6.3,85,50,60,5200,55
Byadgi red Chili,49.5,54.45,2475000.0,Silty,6.3,85,50,60,5200,55
Byadgi red Chili,49.75,54.73,2487500.0,Silty,6.3,85,50,60,5200,55
Byadgi red Chili,50,55.0,2500000,Silty,6.3,85,50,60,5200,55
Byadgi red Chili,50.25,55.28,2512500.0,Silty,6.3,85,50,60,5200,55
Byadgi red Chili,50.5,55.55,2525000.0,Silty,6.3,85,50,60,5200,55
Byadgi red Chili,50.75,55.83,2537500.0,Silty,6.3,85,50,60,5200,55
Ramnad red Mundu,1,0.9,50000,Peaty,6.5,65,30,40,4300,35
Ramnad red Mundu,1.25,1.12,62500.0,Peaty,6.5,65,30,40,4300,35
Ramnad red Mundu,1.5,1.35,75000.0,Peaty,6.5,65,30,40,4300,35
Ramnad red Mundu,1.75,1.57,87500.0,Peaty,6.5,65,30,40,4300,35
Ramnad red Mundu,2,1.8,100000,Peaty,6.5,65,30,40,4300,35
Ramnad red Mundu,2.25,2.02,112500.0,Peaty,6.5,65,30,40,4300,35
Ramnad red Mundu,2.5,2.25,125000.0,Peaty,6.5,65,30,40,4300,35
Ramnad red Mundu,2.75,2.48,137500.0,Peaty,6.5,65,30,40,4300,35
Ramnad red Mundu,3,2.7,150000,Peaty,6.5,65,30,40,4300,35
Ramnad red Mundu,3.25,2.93,162500.0,Peaty,6.5,65,30,40,4300,35
Ramnad red Mundu,3.5,3.15,175000.0,Peaty,6.5,65,30,40,4300,35
Ramnad red Mundu,3.75,3.38,187500.0,Peaty,6.5,65,30,40,4300,35
Ramnad red Mundu,4,3.6,200000,Peaty,6.5,65,30,40,4300,35
Ramnad red Mundu,4.25,3.83,212500.0,Peaty,6.5,65,30,40,4300,35
Ramnad red Mundu,4.5,4.05,225000.0,Peaty,6.5,65,30,40,4300,35
Ramnad red Mundu,4.75,4.28,237500.0,Peaty,6.5,65,30,40,4300,35
Ramnad red Mundu,5,4.5,250000,Peaty,6.5,65,30,40,4300,35
Ramnad red Mundu,5.25,4.73,262500.0,Peaty,6.5,65,30,40,4300,35
Ramnad red Mundu,5.5,4.95,275000.0,Peaty,6.5,65,30,40,4300,35
Ramnad red Mundu,5.75,5.17,287500.0,Peaty,6.5,65,30,40,4300,35
Ramnad red Mundu,6,5.4,300000,Peaty,6.5,65,30,40,4300,35
Ramnad red Mundu,6.25,5.62,312500.0,Peaty,6.5,65,30,40,4300,35
Ramnad red Mundu,6.5,5.85,325000.0,Peaty,6.5,65,30,40,4300,35
Ramnad red Mundu,6.75,6.08,337500.0,Peaty,6.5,65,30,40,4300,35
Ramnad red Mundu,7,6.3,350000,Peaty,6.5,65,30,40,4300,35
Ramnad red Mundu,7.25,6.53,362500.0,Peaty,6.5,65,30,40,4300,35
Ramnad red Mundu,7.5,6.75,375000.0,Peaty,6.5,65,30,40,4300,35
Ramnad red Mundu,7.75,6.98,387500.0,Peaty,6.5,65,30,40,4300,35
Ramnad red Mundu,8,7.2,400000,Peaty,6.5,65,30,40,4300,35
Ramnad red Mundu,8.25,7.42,412500.0,Peaty,6.5,65,30,40,4300,35
Ramnad red Mundu,8.5,7.65,425000.0,Peaty,6.5,65,30,40,4300,35
Ramnad red Mundu,8.75,7.88,437500.0,Peaty,6.5,65,30,40,4300,35
Ramnad red Mundu,9,8.1,450000,Peaty,6.5,65,30,40,4300,35
Ramnad red Mundu,9.25,8.33,462500.0,Peaty,6.5,65,30,40,4300,35
Ramnad red Mundu,9.5,8.55,475000.0,Peaty,6.5,65,30,40,4300,35
Ramnad red Mundu,9.75,8.78,487500.0,Peaty,6.5,65,30,40,4300,35
Ramnad red Mundu,10,9.0,500000,Peaty,6.5,65,30,40,4300,35
Ramnad red Mundu,10.25,9.22,512500.0,Peaty,6.5,65,30,40,4300,35
Ramnad red Mundu,10.5,9.45,525000.0,Peaty,6.5,65,30,40,4300,35
Ramnad red Mundu,10.75,9.68,537500.0,Peaty,6.5,65,30,40,4300,35
Ramnad red Mundu,11,9.9,550000,Peaty,6.5,65,30,40,4300,35
Ramnad red Mundu,11.25,10.12,562500.0,Peaty,6.5,65,30,40,4300,35
Ramnad red Mundu,11.5,10.35,575000.0,Peaty,6.5,65,30,40,4300,35
Ramnad red Mundu,11.75,10.58,587500.0,Peaty,6.5,65,30,40,4300,35
Ramnad red Mundu,12,10.8,600000,Peaty,6.5,65,30,40,4300,35
Ramnad red Mundu,12.25,11.03,612500.0,Peaty,6.5,65,30,40,4300,35
Ramnad red Mundu,12.5,11.25,625000.0,Peaty,6.5,65,30,40,4300,35
Ramnad red Mundu,12.75,11.47,637500.0,Peaty,6.5,65,30,40,4300,35
Ramnad red Mundu,13,11.7,650000,Peaty,6.5,65,30,40,4300,35
Ramnad red Mundu,13.25,11.93,662500.0,Peaty,6.5,65,30,40,4300,35
Ramnad red Mundu,13.5,12.15,675000.0,Peaty,6.5,65,30,40,4300,35
Ramnad red Mundu,13.75,12.38,687500.0,Peaty,6.5,65,30,40,4300,35
Ramnad red Mundu,14,12.6,700000,Peaty,6.5,65,30,40,4300,35
Ramnad red Mundu,14.25,12.83,712500.0,Peaty,6.5,65,30,40,4300,35
Ramnad red Mundu,14.5,13.05,725000.0,Peaty,6.5,65,30,40,4300,35
Ramnad red Mundu,14.75,13.28,737500.0,Peaty,6.5,65,30,40,4300,35
Ramnad red Mundu,15,13.5,750000,Peaty,6.5,65,30,40,4300,35
Ramnad red Mundu,15.25,13.72,762500.0,Peaty,6.5,65,30,40,4300,35
Ramnad red Mundu,15.5,13.95,775000.0,Peaty,6.5,65,30,40,4300,35
Ramnad red Mundu,15.75,14.18,787500.0,Peaty,6.5,65,30,40,4300,35
Ramnad red Mundu,16,14.4,800000,Peaty,6.5,65,30,40,4300,35
Ramnad red Mundu,16.25,14.62,812500.0,Peaty,6.5,65,30,40,4300,35
Ramnad red Mundu,16.5,14.85,825000.0,Peaty,6.5,65,30,40,4300,35
Ramnad red Mundu,16.75,15.08,837500.0,Peaty,6.5,65,30,40,4300,35
Ramnad red Mundu,17,15.3,850000,Peaty,6.5,65,30,40,4300,35
Ramnad red Mundu,17.25,15.53,862500.0,Peaty,6.5,65,30,40,4300,35
Ramnad red Mundu,17.5,15.75,875000.0,Peaty,6.5,65,30,40,4300,35
Ramnad red Mundu,17.75,15.97,887500.0,Peaty,6.5,65,30,40,4300,35
Ramnad red Mundu,18,16.2,900000,Peaty,6.5,65,30,40,4300,35
Ramnad red Mundu,18.25,16.43,912500.0,Peaty,6.5,65,30,40,4300,35
Ramnad red Mundu,18.5,16.65,925000.0,Peaty,6.5,65,30,40,4300,35
Ramnad red Mundu,18.75,16.88,937500.0,Peaty,6.5,65,30,40,4300,35
Ramnad red Mundu,19,17.1,950000,Peaty,6.5,65,30,40,4300,35
Ramnad red Mundu,19.25,17.32,962500.0,Peaty,6.5,65,30,40,4300,35
Ramnad red Mundu,19.5,17.55,975000.0,Peaty,6.5,65,30,40,4300,35
Ramnad red Mundu,19.75,17.78,987500.0,Peaty,6.5,65,30,40,4300,35
Ramnad red Mundu,20,18.0,1000000,Peaty,6.5,65,30,40,4300,35
Ramnad red Mundu,20.25,18.23,1012500.0,Peaty,6.5,65,30,40,4300,35
Ramnad red Mundu,20.5,18.45,1025000.0,Peaty,6.5,65,30,40,4300,35
Ramnad red Mundu,20.75,18.68,1037500.0,Peaty,6.5,65,30,40,4300,35
Ramnad red Mundu,21,18.9,1050000,Peaty,6.5,65,30,40,4300,35
Ramnad red Mundu,21.25,19.12,1062500.0,Peaty,6.5,65,30,40,4300,35
Ramnad red Mundu,21.5,19.35,1075000.0,Peaty,6.5,65,30,40,4300,35
Ramnad red Mundu,21.75,19.57,1087500.0,Peaty,6.5,65,30,40,4300,35
Ramnad red Mundu,22,19.8,1100000,Peaty,6.5,65,30,40,4300,35
Ramnad red Mundu,22.25,20.03,1112500.0,Peaty,6.5,65,30,40,4300,35
Ramnad red Mundu,22.5,20.25,1125000.0,Peaty,6.5,65,30,40,4300,35
Ramnad red Mundu,22.75,20.48,1137500.0,Peaty,6.5,65,30,40,4300,35
Ramnad red Mundu,23,20.7,1150000,Peaty,6.5,65,30,40,4300,35
Ramnad red Mundu,23.25,20.93,1162500.0,Peaty,6.5,65,30,40,4300,35
Ramnad red Mundu,23.5,21.15,1175000.0,Peaty,6.5,65,30,40,4300,35
Ramnad red Mundu,23.75,21.38,1187500.0,Peaty,6.5,65,30,40,4300,35
Ramnad red Mundu,24,21.6,1200000,Peaty,6.5,65,30,40,4300,35
Ramnad red Mundu,24.25,21.82,1212500.0,Peaty,6.5,65,30,40,4300,35
Ramnad red Mundu,24.5,22.05,1225000.0,Peaty,6.5,65,30,40,4300,35
Ramnad red Mundu,24.75,22.28,1237500.0,Peaty,6.5,65,30,40,4300,35
Ramnad red Mundu,25,22.5,1250000,Peaty,6.5,65,30,40,4300,35
Ramnad red Mundu,25.25,22.73,1262500.0,Peaty,6.5,65,30,40,4300,35
Ramnad red Mundu,25.5,22.95,1275000.0,Peaty,6.5,65,30,40,4300,35
Ramnad red Mundu,25.75,23.18,1287500.0,Peaty,6.5,65,30,40,4300,35
Ramnad red Mundu,26,23.4,1300000,Peaty,6.5,65,30,40,4300,35
Ramnad red Mundu,26.25,23.62,1312500.0,Peaty,6.5,65,30,40,4300,35
Ramnad red Mundu,26.5,23.85,1325000.0,Peaty,6.5,65,30,40,4300,35
Ramnad red Mundu,26.75,24.07,1337500.0,Peaty,6.5,65,30,40,4300,35
Ramnad red Mundu,27,24.3,1350000,Peaty,6.5,65,30,40,4300,35
Ramnad red Mundu,27.25,24.53,1362500.0,Peaty,6.5,65,30,40,4300,35
Ramnad red Mundu,27.5,24.75,1375000.0,Peaty,6.5,65,30,40,4300,35
Ramnad red Mundu,27.75,24.98,1387500.0,Peaty,6.5,65,30,40,4300,35
Ramnad red Mundu,28,25.2,1400000,Peaty,6.5,65,30,40,4300,35
Ramnad red Mundu,28.25,25.43,1412500.0,Peaty,6.5,65,30,40,4300,35
Ramnad red Mundu,28.5,25.65,1425000.0,Peaty,6.5,65,30,40,4300,35
Ramnad red Mundu,28.75,25.88,1437500.0,Peaty,6.5,65,30,40,4300,35
Ramnad red Mundu,29,26.1,1450000,Peaty,6.5,65,30,40,4300,35
Ramnad red Mundu,29.25,26.32,1462500.0,Peaty,6.5,65,30,40,4300,35
Ramnad red Mundu,29.5,26.55,1475000.0,Peaty,6.5,65,30,40,4300,35
Ramnad red Mundu,29.75,26.78,1487500.0,Peaty,6.5,65,30,40,4300,35
Ramnad red Mundu,30,27.0,1500000,Peaty,6.5,65,30,40,4300,35
Ramnad red Mundu,30.25,27.23,1512500.0,Peaty,6.5,65,30,40,4300,35
Ramnad red Mundu,30.5,27.45,1525000.0,Peaty,6.5,65,30,40,4300,35
Ramnad red Mundu,30.75,27.68,1537500.0,Peaty,6.5,65,30,40,4300,35
Ramnad red Mundu,31,27.9,1550000,Peaty,6.5,65,30,40,4300,35
Ramnad red Mundu,31.25,28.12,1562500.0,Peaty,6.5,65,30,40,4300,35
Ramnad red Mundu,31.5,28.35,1575000.0,Peaty,6.5,65,30,40,4300,35
Ramnad red Mundu,31.75,28.57,1587500.0,Peaty,6.5,65,30,40,4300,35
Ramnad red Mundu,32,28.8,1600000,Peaty,6.5,65,30,40,4300,35
Ramnad red Mundu,32.25,29.03,1612500.0,Peaty,6.5,65,30,40,4300,35
Ramnad red Mundu,32.5,29.25,1625000.0,Peaty,6.5,65,30,40,4300,35
Ramnad red Mundu,32.75,29.48,1637500.0,Peaty,6.5,65,30,40,4300,35
Ramnad red Mundu,33,29.7,1650000,Peaty,6.5,65,30,40,4300,35
Ramnad red Mundu,33.25,29.93,1662500.0,Peaty,6.5,65,30,40,4300,35
Ramnad red Mundu,33.5,30.15,1675000.0,Peaty,6.5,65,30,40,4300,35
Ramnad red Mundu,33.75,30.38,1687500.0,Peaty,6.5,65,30,40,4300,35
Ramnad red Mundu,34,30.6,1700000,Peaty,6.5,65,30,40,4300,35
Ramnad red Mundu,34.25,30.82,1712500.0,Peaty,6.5,65,30,40,4300,35
Ramnad red Mundu,34.5,31.05,1725000.0,Peaty,6.5,65,30,40,4300,35
Ramnad red Mundu,34.75,31.28,1737500.0,Peaty,6.5,65,30,40,4300,35
Ramnad red Mundu,35,31.5,1750000,Peaty,6.5,65,30,40,4300,35
Ramnad red Mundu,35.25,31.73,1762500.0,Peaty,6.5,65,30,40,4300,35
Ramnad red Mundu,35.5,31.95,1775000.0,Peaty,6.5,65,30,40,4300,35
Ramnad red Mundu,35.75,32.18,1787500.0,Peaty,6.5,65,30,40,4300,35
Ramnad red Mundu,36,32.4,1800000,Peaty,6.5,65,30,40,4300,35
Ramnad red Mundu,36.25,32.62,1812500.0,Peaty,6.5,65,30,40,4300,35
Ramnad red Mundu,36.5,32.85,1825000.0,Peaty,6.5,65,30,40,4300,35
Ramnad red Mundu,36.75,33.08,1837500.0,Peaty,6.5,65,30,40,4300,35
Ramnad red Mundu,37,33.3,1850000,Peaty,6.5,65,30,40,4300,35
Ramnad red Mundu,37.25,33.52,1862500.0,Peaty,6.5,65,30,40,4300,35
Ramnad red Mundu,37.5,33.75,1875000.0,Peaty,6.5,65,30,40,4300,35
Ramnad red Mundu,37.75,33.98,1887500.0,Peaty,6.5,65,30,40,4300,35
Ramnad red Mundu,38,34.2,1900000,Peaty,6.5,65,30,40,4300,35
Ramnad red Mundu,38.25,34.43,1912500.0,Peaty,6.5,65,30,40,4300,35
Ramnad red Mundu,38.5,34.65,1925000.0,Peaty,6.5,65,30,40,4300,35
Ramnad red Mundu,38.75,34.88,1937500.0,Peaty,6.5,65,30,40,4300,35
Ramnad red Mundu,39,35.1,1950000,Peaty,6.5,65,30,40,4300,35
Ramnad red Mundu,39.25,35.33,1962500.0,Peaty,6.5,65,30,40,4300,35
Ramnad red Mundu,39.5,35.55,1975000.0,Peaty,6.5,65,30,40,4300,35
Ramnad red Mundu,39.75,35.77,1987500.0,Peaty,6.5,65,30,40,4300,35
Ramnad red Mundu,40,36.0,2000000,Peaty,6.5,65,30,40,4300,35
Ramnad red Mundu,40.25,36.23,2012500.0,Peaty,6.5,65,30,40,4300,35
Ramnad red Mundu,40.5,36.45,2025000.0,Peaty,6.5,65,30,40,4300,35
Ramnad red Mundu,40.75,36.68,2037500.0,Peaty,6.5,65,30,40,4300,35
Ramnad red Mundu,41,36.9,2050000,Peaty,6.5,65,30,40,4300,35
Ramnad red Mundu,41.25,37.12,2062500.0,Peaty,6.5,65,30,40,4300,35
Ramnad red Mundu,41.5,37.35,2075000.0,Peaty,6.5,65,30,40,4300,35
Ramnad red Mundu,41.75,37.58,2087500.0,Peaty,6.5,65,30,40,4300,35
Ramnad red Mundu,42,37.8,2100000,Peaty,6.5,65,30,40,4300,35
Ramnad red Mundu,42.25,38.02,2112500.0,Peaty,6.5,65,30,40,4300,35
Ramnad red Mundu,42.5,38.25,2125000.0,Peaty,6.5,65,30,40,4300,35
Ramnad red Mundu,42.75,38.48,2137500.0,Peaty,6.5,65,30,40,4300,35
Ramnad red Mundu,43,38.7,2150000,Peaty,6.5,65,30,40,4300,35
Ramnad red Mundu,43.25,38.93,2162500.0,Peaty,6.5,65,30,40,4300,35
Ramnad red Mundu,43.5,39.15,2175000.0,Peaty,6.5,65,30,40,4300,35
Ramnad red Mundu,43.75,39.38,2187500.0,Peaty,6.5,65,30,40,4300,35
Ramnad red Mundu,44,39.6,2200000,Peaty,6.5,65,30,40,4300,35
Ramnad red Mundu,44.25,39.83,2212500.0,Peaty,6.5,65,30,40,4300,35
Ramnad red Mundu,44.5,40.05,2225000.0,Peaty,6.5,65,30,40,4300,35
Ramnad red Mundu,44.75,40.27,2237500.0,Peaty,6.5,65,30,40,4300,35
Ramnad red Mundu,45,40.5,2250000,Peaty,6.5,65,30,40,4300,35
Ramnad red Mundu,45.25,40.73,2262500.0,Peaty,6.5,65,30,40,4300,35
Ramnad red Mundu,45.5,40.95,2275000.0,Peaty,6.5,65,30,40,4300,35
Ramnad red Mundu,45.75,41.18,2287500.0,Peaty,6.5,65,30,40,4300,35
Ramnad red Mundu,46,41.4,2300000,Peaty,6.5,65,30,40,4300,35
Ramnad red Mundu,46.25,41.62,2312500.0,Peaty,6.5,65,30,40,4300,35
Ramnad red Mundu,46.5,41.85,2325000.0,Peaty,6.5,65,30,40,4300,35
Ramnad red Mundu,46.75,42.08,2337500.0,Peaty,6.5,65,30,40,4300,35
Ramnad red Mundu,47,42.3,2350000,Peaty,6.5,65,30,40,4300,35
Ramnad red Mundu,47.25,42.52,2362500.0,Peaty,6.5,65,30,40,4300,35
Ramnad red Mundu,47.5,42.75,2375000.0,Peaty,6.5,65,30,40,4300,35
Ramnad red Mundu,47.75,42.98,2387500.0,Peaty,6.5,65,30,40,4300,35
Ramnad red Mundu,48,43.2,2400000,Peaty,6.5,65,30,40,4300,35
Ramnad red Mundu,48.25,43.43,2412500.0,Peaty,6.5,65,30,40,4300,35
Ramnad red Mundu,48.5,43.65,2425000.0,Peaty,6.5,65,30,40,4300,35
Ramnad red Mundu,48.75,43.88,2437500.0,Peaty,6.5,65,30,40,4300,35
Ramnad red Mundu,49,44.1,2450000,Peaty,6.5,65,30,40,4300,35
Ramnad red Mundu,49.25,44.33,2462500.0,Peaty,6.5,65,30,40,4300,35
Ramnad red Mundu,49.5,44.55,2475000.0,Peaty,6.5,65,30,40,4300,35
Ramnad red Mundu,49.75,44.77,2487500.0,Peaty,6.5,65,30,40,4300,35
Ramnad red Mundu,50,45.0,2500000,Peaty,6.5,65,30,40,4300,35
Ramnad red Mundu,50.25,45.23,2512500.0,Peaty,6.5,65,30,40,4300,35
Ramnad red Mundu,50.5,45.45,2525000.0,Peaty,6.5,65,30,40,4300,35
Ramnad red Mundu,50.75,45.68,2537500.0,Peaty,6.5,65,30,40,4300,35
